 ,MTCSC,MTCSC-A,MTCSC-Uni,RCSWS,SCREEN,SpeedAcc,LsGreedy,EWMA,HTD,HoloClean,CAE-M,TranAD
RMS,19.68468487,0.4173082,2.998991072,1.393277297,1.827247093,1.779739859,0.940296869,2.627772154,1.14414114,1.687163048,26.73,35.98
Cost,4.947159172,0.125118601,0.675574918,0.056239472,0.39070261,0.380387829,0.071813533,1.868091884,0.019910344,,,
Number,853,114,869,653,877,877,277,8072,36,,,
Time,50,115,103,6,282,31611,7,2,790,,,
