 ,MTCSC,MTCSC-A,MTCSC-Uni,RCSWS,SCREEN,SpeedAcc,LsGreedy,EWMA,HTD,HoloClean,CAE-M,TranAD
RMS,9.361964283,0.405552481,22.38919887,22.27342259,38.94474207,44.89907592,0.940296869,2.627772154,1.207520114,2.202266608,26.73,35.98
Cost,2.524010568,0.128730049,8.192897748,5.732261107,15.59295824,18.49396652,0.071813533,1.868091884,0.027341236,,,
Number,2031,124,1592,1889,2183,2237,277,8072,83,,,
Time,111,83,141,35,258,32127,9,2,1921,,,
