 ,Clean,Dirty,My,Screen,SpeedACC,Lsgreedy,Expsmooth,HTD
ARI,1,0.236710871,1,0.98183882,0.962862669,0.865363589,0.736578476,0.236710871
