 ,Clean,Dirty,My,Screen,SpeedACC,Lsgreedy,Expsmooth,HTD
ARI,1,0.673333333,1,0.993333333,0.986666667,0.949166667,0.904166667,0.673333333
