 ,Clean,Dirty,My,Screen,SpeedACC,Lsgreedy,Expsmooth,HTD
ARI,0.731638418,0.471412429,0.766553672,0.529548023,0.552824859,0.500677966,0.575141243,0.471412429
