 ,Clean,Dirty,My,Screen,SpeedACC,Lsgreedy,Expsmooth,HTD
ARI,0.4654268,-0.00271502,0.529371333,-0.003024689,0.005445896,0.162138505,0.048654107,-0.00271502
