 ,Clean,Dirty,My,Screen,SpeedACC,Lsgreedy,Expsmooth,HTD
F1,0.817142857,0.551428571,0.819428571,0.571428571,0.625714286,0.786857143,0.424571429,0.551428571
