 ,Clean,Dirty,My,Screen,SpeedACC,Lsgreedy,Expsmooth,HTD
F1,0.666666667,0.573333333,0.666666667,0.66,0.656666667,0.651666667,0.376666667,0.573333333
