 ,Clean,Dirty,My,Screen,SpeedACC,Lsgreedy,Expsmooth,HTD
F1,0.9,0.276666667,0.386666667,0.253333333,0.223333333,0.276666667,0.213333333,0.276666667
