 ,My2,MTCSC-G,MTCSC-L,MTCSC-C,MTCSC-DS,MTCSC-Uni,RCSWS,SCREEN,SpeedAcc,LsGreedy,EWMA,HTD,Holoclean,FCVAE,TranAD
RMS,0.848205009,0.411529455,2.156909999,0.341766897,0.341766897,0.411654714,1.20964483,0.908212069,0.906548384,0.916980213,2.08595339,0.954021453,1.173343807,,
Cost,0.086422338,0.113357913,0.224086406,0.125643314,0.125643314,0.117809567,0.057144457,0.092516703,0.09282584,0.061036597,1.423560676,0.022383971,,,
Number,267,163,286,185,185,160,179,284,286,255,10753,41,,,
Time,1006,1837,6,52,67,66,8,229,34242,6,3,1200,,,
