 ,My2,MTCSC-G,MTCSC-L,MTCSC-C,MTCSC-DS,MTCSC-Uni,RCSWS,SCREEN,SpeedAcc,Lsgreedy,Expsmooth,HTD,Holoclean,CAE-M,TranAD
RMS,0.848205009,0.411529455,2.156909999,0.33863311,0.33863311,0.409827802,1.20964483,0.908212069,0.906548384,0.916980213,34.32263938,0.954021453,1.173343807,159.5005895,35.97966178
Cost,929.3858259,0.113357913,0.224086406,0.126456014,0.126456014,0.118536595,614.5314889,994.9246198,998.249086,656.3875651,366343.4552,240.7172274,,,
Number,267,163,286,184,184,160,179,284,286,255,10753,41,,,
Time,991,1861,5,50,63,85,8,245,34425,6,2,1172,,,
